"Marca temporal","Género","Edad","1. ¿Tienes casa/departamento propi@?","2. ¿Quién paga las cuentas en tu vivienda?","3.¿Conoces cuál es el valor aproximado de tu inmueble?","4. ¿Qué entiendes por un seguro de hogar?","5. Si ya cuentas con uno, ¿cuál fue la razón principal por la que lo contrataste?","Si no cuentas con uno, ¿te interesaría contratarlo? ","6. ¿Qué información necesitas saber para facilitar tu decisión cuando contratas un seguro de hogar?","7. ¿Qué cobertura prefieres para asegurar tu hogar?","8. ¿Dónde contratarías un seguro de hogar?","9. ¿Cuáles son las razones por las que cambiarías tu seguro a un Banco?","10. ¿Tienes un crédito hipotecario actualmente?","11. ¿Sabes que el seguro de hogar de tu hipoteca, solo cubre el 40% del valor de tu inmueble?","12. ¿Contratarías un seguro adicional para cubrir su valor total?"
"2018/04/23 10:17:39 p.m. GMT","Femenino","26-35","Sí","Alguien más","Sí","Un seguro que respalda tu casa","Temor a perder mi patrimonio","","Beneficios","Incendio y/o rayo","Aseguradora, en sucursal","Mejores precios","No","No","Sí"
"2018/04/23 10:28:09 p.m. GMT","Femenino","26-35","Sí","Compartido","Sí","Proteccion ante cualquier afectación o daño","","","","","","","","",""
"2018/04/23 10:30:03 p.m. GMT","Masculino","26-35","Sí","Yo","Sí","Incendio inundación, siniestros.","Se me hizo una buena inversión;Es más rápido tener una solución en caso de incidentes;Temor a perder mi patrimonio","","Cuotas;Beneficios;Qué no me cubre;Deducible","Terremoto y/o erupción volcánica","Donde haya mejor beneficio y proteccion","Depende de los desucibles y cobertura.","No","No","Sí"
"2018/04/23 10:33:31 p.m. GMT","Femenino","36-45","Sí","Yo","Sí","Es aquel donde ofrcen el servicio de monitirear para controlar prevenir o arreglar cualquier falla del  hogar","","","Coberturas;Cuotas;Plazos de pago;Beneficios;Qué no me cubre;Deducible","Extendida","Banco en sucursal","Por los beneficios y cobertura","No","No","No"
"2018/04/23 10:42:18 p.m. GMT","Femenino","","Sí","Yo","Sí","Si hay una siniestro el seguro cubre daños.","Es más rápido tener una solución en caso de incidentes;Temor a perder mi patrimonio;Prefiero recuperar una parte de mi inversión antes que perder todo","Sí","Coberturas;Cuotas;Plazos de pago;Beneficios;Qué no me cubre;Deducible","Terremoto y/o erupción volcánica","Banco en sucursal","Conozco mas banco que asegutadoras","No","No","Sí"
"2018/04/23 10:51:48 p.m. GMT","Femenino","26-30","Sí","Alguien más","Sí","En caso de accidente o desastre tengo cómo protegerme o solvebtar esa situación","","Sí","Coberturas;Cuotas;Plazos de pago;Beneficios;Qué no me cubre;Deducible","Terremoto y/o erupción volcánica","Banco, en sucursal","","No","",""
"2018/04/23 11:08:52 p.m. GMT","Masculino","46+","Sí","Yo","Sí","Aseguramiento de mis bienes muebles e inmueble.","","Sí","Coberturas;Plazos de pago;Beneficios","Extendida (daños materiales causados por explosión, huelgas, naves aéreas, vehículos, humo, caída de arboles, filtraciones etc.)","Banco, en sucursal","Interacción directa.","No","No","No"